Japanese_Name,Romaji_Name,English_Name,Image_URL,Anime_Type,Number_of_Episodes,Year_of_Release,Description
四月は君の嘘,Shigatsu wa Kimi no Uso,Your Lie in April,https://cdn.myanimelist.net/images/anime/1405/143284l.jpg,TV,22,2014,"Kousei Arima is a child prodigy known as the ""Human Metronome"" for playing the piano with precision and perfection. Guided by a strict mother and rigorous training, Kousei dominates every competition he enters, earning the admiration of his musical peers and praise from audiences. When his mother suddenly passes away, the subsequent trauma makes him unable to hear the sound of a piano, and he never takes the stage thereafter.

Nowadays, Kousei lives a quiet and unassuming life as a junior high school student alongside his friends Tsubaki Sawabe and Ryouta Watari. While struggling to get over his mother's death, he continues to cling to music. His monochrome life turns upside down the day he encounters the eccentric violinist Kaori Miyazono, who thrusts him back into the spotlight as her accompanist. Through a little lie, these two young musicians grow closer together as Kaori tries to fill Kousei's world with color.

[Written by MAL Rewrite]"
アイドルマスター,The iDOLM@STER,THE IDOLM@STER,https://cdn.myanimelist.net/images/anime/1682/142758l.jpg,TV,25,2011,"765 Production Studio manages the unique talents of 13 professional idols as they slowly make their way to the top and become country-wide celebrities. But the girls' journey is far from just fun and games: hard work, sweat, and tears are some of the prerequisites needed to flourish in this industry—and for 765 Pro in particular, a watchful eye out for their rival, the infamous 961 Production.

As the girls' fame grows, however, their time together as a family diminishes, and now the very popularity they sought is threatening to tear them apart. A difficult balance of work and bonding must be achieved, or they risk everyone going their separate ways. The personal and professional ordeals of these idols can not be conquered alone, but with each other's loving support, any obstacle or hardship can be overcome!

[Written by MAL Rewrite]"
ISUCA,Isuca,Isuca,https://cdn.myanimelist.net/images/anime/1769/134794l.jpg,TV,10,2015,"Poor Shinichirou Asano has the worst of luck. His parents abandoned him and ran off to Europe. If that isn't bad enough on its own, they barely left him any money to take care of himself. In order to pay rent and keep a roof over his head, he has to work. Unfortunately, he was just fired from his last job and as a high school student, he doesn't have many other prospects.

One evening, he's attacked by a centipede monster on his way home. Shinichirou is saved by a mysterious girl with a bow and arrow, who he later discovers is Sakuya Shimazu, a beautiful student who attends his school. But when he later helps an injured girl, he discovers two things. First, the injured girl isn't human at all but rather a nekomata, a two-tailed demon cat. And second, Sakuya comes from a family of exorcists, who've protected humanity from rogue monsters and spirits for generations. Because Shinichirou was responsible for releasing the nekomata, Sakuya enlists his help in recapturing the demon, but that's just the beginning of Shinichirou's relationship with Sakuya. It turns out the Shimazu family needs a housekeeper and it just so happens that Shinichirou excels at cooking and likes to clean! It may not be his dream job, but if it pays the rent and puts food on the table..."
神様ドォルズ,Kamisama Dolls,Kamisama Dolls,https://cdn.myanimelist.net/images/anime/1001/98636l.jpg,TV,13,2011,"When Kyouhei moves to Tokyo, he thinks he's left his old life behind. But when he discovers a bloody corpse, he also discovers that the past isn't easily left behind, especially when the past is as unusual as Kyouhei's. You see, back in his home town, Kyouhei was a ""seki,"" an individual able to control ""kakashi,"" ancient wooden ""gods"" capable of incredible feats, with his mind. Now there's a kakashi loose in Tokyo, and it just may be up to Kyouhei to stop it AND its seki in Kamisama Dolls!

(Source: Sentai Filmworks, edited)"
映画 若おかみは小学生！,Wakaokami wa Shougakusei! Movie,Okko's Inn: Le Film,https://cdn.myanimelist.net/images/anime/1371/94401l.jpg,Movie,1,2018,"After reluctantly being dragged to a festival at her parents' rural hometown, Oriko ""Okko"" Seki must face her sudden harsh reality: the death of both of her parents in a car accident shortly after they arrive. Now, Okko must live at her grandmother's traditional hot springs inn, which she is surprised to find is occupied by the ghost of a barefoot child. He encourages Okko to follow in her grandmother's footsteps and prepare to inherit the inn.

Initially, Okko struggles to keep up with the responsibilities of the inn and the accommodation of guests. However, her parents told her that an inn is welcoming for everyone, and she strives to honor their memory. After discovering a few other spirits around the village, Okko learns that even though her parents are gone, she does not have to be lonely.

[Written by MAL Rewrite]"
恋愛フロップス,Renai Flops,Love Flops,https://cdn.myanimelist.net/images/anime/1620/130589l.jpg,TV,12,2022,"In the near future when technology has significantly advanced, a famous AI TV fortune teller seemingly foresees high school student Asahi Kashiwagi's day with pinpoint accuracy. On his way to school, he encounters Aoi Izumisawa, Bai Mongfa, Karin Istel, Amelia Irving, and Ilya Ilyukhin. Despite meeting them for the first time, Asahi suddenly receives love confessions from all of them at the end of the same day, perfectly aligning with the fortune teller's prediction.

As if that was not enough, Asahi soon learns that these five individuals are actually candidates to become his bride, and they have been invited by his father to live at Asahi's home. Left with no other choice, he reluctantly allows them to stay, resulting in a bawdy turn of events that brightens up his average high school life.

However, as Asahi spends more time with them, forgotten memories gradually resurface. While uncovering the hidden truth, Asahi begins to believe that his fate with these potential partners might be more than just mere coincidence.

[Written by MAL Rewrite]"
RDG レッドデータガール,RDG: Red Data Girl,Red Data Girl,https://cdn.myanimelist.net/images/anime/4/50313l.jpg,TV,12,2013,"Fifteen-year-old Izumiko Suzuhara just wants to be a normal girl, but that is easier said than done. Raised in a shrine deep in the mountains, she grew up extremely sheltered and painfully shy. She also has the unfortunate tendency to destroy any electronic device simply by touching it.

Despite this, she still wants to try and change her life. To mark her determination to follow through on this transformation, Izumiko begins by cutting her bangs, which shocks both her classmates and protectors. And that's only the start! Her guardian, Yukimasa Sagara, forces his son, Miyuki, to come to the mountain shrine and become Izumiko's lifelong servant and protector. Too bad Izumiko and Miyuki cannot stand each other. They have known each other since they were children, and Miyuki bullied her terribly. He simply does not understand what is so special about Izumiko. His father calls Izumiko a goddess, but that cannot be true…can it? Will Izumiko and Miyuki work past their differences? Is she actually a literal goddess? Find out in RDG: Red Data Girl!"
あひるの空,Ahiru no Sora,あひるの空,https://cdn.myanimelist.net/images/anime/1975/108030l.jpg,TV,50,2019,"Lacking what is considered the most important asset in basketball, Sora Kurumatani has struggled with his short height since the inception of his love for the game. Despite missing this beneficial aspect, Sora's unwavering drive never allowed his small stature to dictate his ability to play, believing strongly in trying his hardest and persistently practicing to prove his capability.

In hopes of satisfying his mother's wishes, Sora enters Kuzuryuu High School to become a member of the basketball club and compete wholeheartedly in tournaments. However, Sora is disappointed to find out that the boy's basketball team is nothing but a retreat for punks who have no interest in the sport. Sora also comes to learn that brothers Chiaki and Momoharu Hanazono—whom he becomes acquainted with—have also lost their once spirited motivation to play. 

Determined to revive the basketball team, Sora challenges the boys to a match against him, where his quick feet and swift movements overwhelm the group. Gradually affected by Sora's impressive skills, sheer effort, and tireless devotion to basketball, the boys unexpectedly find their burnt-out passion for the game rekindling once again.

[Written by MAL Rewrite]"
あまんちゅ,Amanchu!,あまんちゅ！,https://cdn.myanimelist.net/images/anime/6/80810l.jpg,TV,12,2016,"Originally from a big city, Futaba Ooki spends most days cataloguing her life through pictures on her phone. Upon moving to a seaside town, she gazes out over the vast expanse of sea and quickly becomes captivated by its endless possibilities. Unbeknownst to Futaba, her quiet contemplation catches the attention of local diving enthusiast Hikari Kohinata. Finding herself in the same class as Futaba the next day, Hikari is drawn to her quiet and shy demeanor and affectionately nicknames her Teko, sparking a tender friendship. 

Struggling to adapt to the change of pace in her life, Futaba finds herself strung along by Hikari's vast energy and passion for diving. Together, they join the school diving club, led by their homeroom teacher Mato Katori. With Hikari by her side, Futaba works to earn her diving certification while experiencing new friendships and possibilities.

[Written by MAL Rewrite]"
裏世界ピクニック,Urasekai Picnic,Otherside Picnic,https://cdn.myanimelist.net/images/anime/1494/111515l.jpg,TV,12,2021,"The ""Otherworld"" is a vast and dangerous realm hidden from the knowledge of the common folk. It is also home to many creatures that threaten any human who dare visit it. To witness its desolate yet oddly absorbing environment, one must search for portals that could reside anywhere, from secret elevators to shrine entrances.

After a fateful encounter with a horrendous Otherworld denizen, Sorawo Kamikoshi ponders whether to keep going or give up in life. Meanwhile, Toriko Nishina scours the Otherworld in hopes of finding her friend Satsuki, who she believes is lost somewhere within the realm. 

When the two cross paths, friendship blossoms. In order to acquire as much information about this obscure dimension, the two travel back and forth from the real world to the other. Sorawo and Toriko's bodies are soon influenced by the Otherworld, preparing them for the many horrors to come as both of them try to fulfill their goals.

[Written by MAL Rewrite]"
オオカミ少女と黒王子,Ookami Shoujo to Kuro Ouji,Wolf Girl and Black Prince,https://cdn.myanimelist.net/images/anime/1728/147375l.jpg,TV,12,2014,"Erika Shinohara has taken to lying about her romantic exploits to earn the respect of her new friends. So when they ask for a picture of her ""boyfriend,"" she hastily snaps a photo of a handsome stranger, whom her friends recognize as the popular and kind-hearted Kyouya Sata.

Trapped in her own web of lies and desperately trying to avoid humiliation, Erika explains her predicament to Kyouya, hoping he will pretend to be her boyfriend. But Kyouya is not the angel he appears to be: he is actually a mean-spirited sadist who forces Erika to become his ""dog"" in exchange for keeping her secret.

Begrudgingly accepting his deal, Erika soon begins to see glimpses of the real Kyouya beneath the multiple layers of his outer persona. As she finds herself falling for him, she can't help but question if he will ever feel the same way about her. Will Kyouya finally make an honest woman out of Erika, or is she destined to be a ""wolf girl"" forever?

[Written by MAL Rewrite]"
俺の妹がこんなに可愛いわけがない,Ore no Imouto ga Konnani Kawaii Wake ga Nai,OreImo,https://cdn.myanimelist.net/images/anime/1508/129576l.jpg,TV,12,2010,"Kirino Kousaka embodies the ideal student with equally entrancing looks. Her grades are near perfect, and to cover her personal expenses, she works as a professional model alongside her best friend Ayase Aragaki, who abhors liars and all things otaku. But what Ayase doesn't know is that Kirino harbors a deep, entrenched secret that will soon be brought to light.

At home one day, Kyousuke, Kirino's perfectly average brother, stumbles upon an erotic game that belongs to none other than his seemingly flawless little sister. With her reputation at stake, Kirino places a gag order on her sibling while simultaneously introducing him to the world of eroge and anime. Through Kirino, Kyousuke encounters the gothic lolita Ruri Gokou and the bespectacled otaku Saori Makishima, thus jump-starting an entirely new lifestyle. But as he becomes more and more involved in his little sister's secret life, it becomes that much harder to keep under wraps. 

[Written by MAL Rewrite]"
終わりのセラフ 名古屋決戦編,Owari no Seraph: Nagoya Kessen-hen,Owari no Seraph: Nagoya Kessen-hen,https://cdn.myanimelist.net/images/anime/9/76632l.jpg,TV,12,2015,"Yuuichirou Hyakuya is finally reunited with his childhood friend Mikaela Hyakuya, whom he had long presumed to be dead. Upon their reunion, however, he discovers that Mikaela has been turned into a vampire. Determined to help his friend, Yuuichirou vows to get stronger so that he can protect Mikaela as well as the comrades in the Moon Demon Company.
 
Kureto Hiiragi receives information that a large group of vampires will be gathering in Nagoya, preparing for their assault on the Imperial Demon Army's main forces in Tokyo. Led by Guren Ichinose, Yuuichirou's team is one of many selected to intercept and eliminate the vampire nobles.
 
With the Nagoya mission quickly approaching, the members of Shinoa squad continue to work towards fully mastering their weapons, while learning how to improve their teamwork. Yuuichirou must gain the power he needs to slay the nobles and save his best friend, before he succumbs to the demon of the Cursed Gear.

[Written by MAL Rewrite]"
ガールズ&パンツァー 劇場版,Girls & Panzer Movie,Girls & Panzer: Der Film,https://cdn.myanimelist.net/images/anime/1776/91467l.jpg,Movie,1,2015,"Having won the 63rd National Sensha-dou tournament, the girls from Ooarai Girls Academy managed to prevent their school from closure by the Japanese Ministry of Education. However, new troubles loom on the horizon: a ministry official argues that the deal was not legally binding and that the Ooarai school carrier is to be decommissioned. Students and their families are frustrated with this injustice and overwhelmed with despair; it seems little can be done to save the school.

Their last glimmer of hope is a proposed match against the All-Stars University Sensha-dou team, consisting of the most talented students from all over the country. Despite Ooarai being severely outnumbered and clearly outclassed, they accept the challenge.

[Written by MAL Rewrite]"
カッコウの許嫁,Kakkou no Iinazuke,A Couple of Cuckoos,https://cdn.myanimelist.net/images/anime/1285/120529l.jpg,TV,24,2022,"Nagi Umino and Erika Amano, a studious high school student and a social media star, had nothing that linked them together—until they found out they were swapped at birth. When the sudden news is revealed to both of their families, their parents quickly devise a proposition with neither Nagi's nor Erika's knowledge: in order to restore them both to their rightful families and ensure everyone's happiness, the two should get engaged.

When informed of this, Nagi and Erika are quick to reject the absurd plan, refusing to go along with their parents' wishes. But, with neither party willing to back down, only time can tell where their relationship will go.

[Written by MAL Rewrite]"
彼女、お借りします,"Kanojo, Okarishimasu",Rent-a-Girlfriend,https://cdn.myanimelist.net/images/anime/1902/128382l.jpg,TV,12,2020,"Kazuya Kinoshita is a 20-year-old college student who has a wonderful girlfriend: the bright and sunny Mami Nanami. But suddenly, he doesn't. Without warning, Mami breaks up with him, leaving him utterly heartbroken and lonely. Seeking to soothe the pain, he hires a rental girlfriend through an online app. His partner is Chizuru Mizuhara, who through her unparalleled beauty and cute demeanor, manages to gain Kazuya's affection.

But after reading similar experiences other customers had had with Chizuru, Kazuya believes her warm smile and caring personality were all just an act to toy with his heart, and he rates her poorly. Aggravated, Chizuru lambastes him for his shameless hypocrisy, revealing her true pert and hot-tempered self. This one-sided exchange is cut short, however, when Kazuya finds out that his grandmother has collapsed.

They dash toward the hospital and find Kazuya's grandmother already in good condition. Baffled by Chizuru's presence, she asks who this girl might be. On impulse, Kazuya promptly declares that they are lovers, forcing Chizuru to play the part. But with Kazuya still hung up on his previous relationship with Mami, how long can this difficult client and reluctant rental girlfriend keep up their act?

[Written by MAL Rewrite]"
彼女、お借りします(第2期),"Kanojo, Okarishimasu 2nd Season: Date Movie",Rent-a-Girlfriend Season 2: Date Movie,https://cdn.myanimelist.net/images/anime/1350/132299l.jpg,ONA,12,2020,"Date movie shorts posted on the official Twitter account and later included on Blu-ray volumes of Kanojo, Okarishimasu 2nd Season."
Kanon,Kanon,カノン,https://cdn.myanimelist.net/images/anime/1552/128388l.jpg,TV,13,2002,"It’s been 7 years since Yuuichi Aizawa visited his aunt Akiko, but now that his parents have gone to Africa to pursue their careers, he is finally back in the little northern town. Yuuichi is not really overjoyed with the prospect of living here though, because all of his memories of this place and the people living in it have mysteriously vanished. His cute cousin Nayuki seems like a stranger as well, even though he used to play with her all the time when they were younger.

On the day of moving into his new home, Yuuichi starts unpacking the boxes and stumbles upon a red headband that no one seems to recognize. This is one of the first clues that will make Yuuichi take a stroll through the snow-covered town and make him start recalling fragments of his past, broken promises and buried secrets. Yuuichi soon realizes that there is something supernatural going on, and all of his new female acquaintances seem to have links to his forgotten past."
金色のコルダBlue♪Sky,Kiniro no Corda: Blue♪Sky,La corda d’oro -Blue♪Sky-,https://cdn.myanimelist.net/images/anime/2/59779l.jpg,TV,12,2014,"Soon after transferring to Seisou Gakuin, Kanade finds the orchestra club in the middle of preparing for the National concur. Teaming up with the other members, she will improve her skills, meet new rivals and create memories for what will become an unforgettable summer...

(Source: La Corda D'oro Wikia)"
神様になった日,Kamisama ni Natta Hi,The Day I Became a God,https://cdn.myanimelist.net/images/anime/1396/109465l.jpg,TV,12,2020,"Dressed in a conspicuous outfit and armed with an eccentric spirit, Hina Satou goes around insisting that she is the Asgardian god ""Odin."" When she crosses paths with a boy named Youta Narukami, she uses her precognition abilities to warn him about an impending catastrophe threatening the end of the world. But being a teenager preoccupied with his problems, Youta finds it hard to believe such a preposterous claim.

Somehow forced to tag along with her antics, he witnesses the effectiveness of Hina's skills with his own eyes and realizes that she truly is capable of divination. Nevertheless, despite her persistence in being a god, Hina is still a child who desires to see and experience the wonders life has to offer. With the world ending in 30 days, Hina, Youta, and their friends venture forward to create lasting memories they will cherish forever.

[Written by MAL Rewrite]"
可愛ければ変態でも好きになってくれますか？,Kawaikereba Hentai demo Suki ni Natte Kuremasu ka?,"Hensuki: Are You Willing to Fall in Love with a Pervert, as Long as She's a Cutie?",https://cdn.myanimelist.net/images/anime/1430/102439l.jpg,TV,12,2019,"As far as it goes, many boys, especially in their teenage years, want to have a girlfriend. Keiki Kiryuu is no exception. One eventful afternoon, his days of yearning for a lover seem to come to an end when he receives a love letter from an anonymous sender—along with a pair of white panties. 

To determine the identity of his secret admirer, referred to as Cinderella, he proceeds to investigate several possible candidates including his senior Sayuki Tokihara, his underclassman Yuika Koga, and his classmate Mao Nanjou. However, as Keiki seeks to uncover who this mystery girl might be, he comes to know about the perverted fetishes hidden behind each candidate's innocent exteriors...

[Written by MAL Rewrite]"
kiss×sis,Kiss x Sis,キス×シス,https://cdn.myanimelist.net/images/anime/1966/121554l.jpg,OVA,12,2008,"When Keita Suminoe's father remarried, not only did he gain a new mother, but elder twin sisters as well. Distinct yet similar, the homely and mature Ako is a former student council president, while the athletic and aloof Riko is the previous disciplinary president. The three of them have been together since kindergarten, resulting in a deep bond between the siblings. However, over time, their relationship developed into something more romantic—and erotic .

Now in his last year of middle school, Keita has already received a sports recommendation, but it's from a different high school than his two sisters. Disappointed, both sisters try to change his mind, and he agrees, giving in to their desperate pleas. Unaware of the consequences, he now has to attempt to study for his high school exams while warding off the advances of his lust-driven sisters. With their parent's blessings, Ako and Riko strive to be Keita's future wife, leaving him to try his best to keep the relationship between them strictly platonic. However, with two beautiful girls vying for his attention, will Keita be able to withstand the endless temptations?

[Written by MAL Rewrite]"
君の名は,Kimi no Na wa.,Your Name.,https://cdn.myanimelist.net/images/anime/5/87048l.jpg,Movie,1,2016,"Mitsuha Miyamizu, a high school girl, yearns to live the life of a boy in the bustling city of Tokyo—a dream that stands in stark contrast to her present life in the countryside. Meanwhile in the city, Taki Tachibana lives a busy life as a high school student while juggling his part-time job and hopes for a future in architecture.

One day, Mitsuha awakens in a room that is not her own and suddenly finds herself living the dream life in Tokyo—but in Taki's body! Elsewhere, Taki finds himself living Mitsuha's life in the humble countryside. In pursuit of an answer to this strange phenomenon, they begin to search for one another.

Kimi no Na wa. revolves around Mitsuha and Taki's actions, which begin to have a dramatic impact on each other's lives, weaving them into a fabric held together by fate and circumstance.

[Written by MAL Rewrite]"
世紀末オカルト学院,Seikimatsu Occult Gakuin,Occult Academy,https://cdn.myanimelist.net/images/anime/5/75257l.jpg,TV,13,2010,"The story revolves around Maya, the daughter of the former Headmaster of Waldstein Academy, and a time traveling agent Fumiaki Uchida. In the year 2012, the world had been invaded by aliens and time travelers were sent back to the year 1999 in order to find and destroy the Nostradamus Key, which Nostradamus Prophecy foretold as what would bring about the apocalypse. The series then turns to the year 1999, where Maya returns to the Academy with the intention of destroying the Academy by superseding her late father's position as the principal. Her plan was interrupted when she meets Fumiaki and learns of the forthcoming destruction. Despite being distrusting towards Fumiaki, they form a pact to look for the Nostradamus Key.

In order to find the Nostradamus Key, time agents were provided with specially created cell phones. When a user finds an object of interest, by thinking of destroying it and taking a photo, and if the resulting image is that of a peaceful world, then the subject is the Nostradamus Key. Conversely, if the subject is not the Nostradamus Key, then the photo displays destruction. By using the phone, Maya and Fumiaki investigates occult occurrences as they occur in the town.

(Source: Wikipedia)"
3D彼女 リアルガール,3D Kanojo: Real Girl,Real Girl,https://cdn.myanimelist.net/images/anime/1327/93616l.jpg,TV,12,2018,"For Hikari Tsutsui, life within the two-dimensional realm is much simpler. Socially inept and awkward, he immerses himself in video games and anime, only to be relentlessly ridiculed and ostracized by his classmates. Sharing his misery is Yuuto Itou, his only friend, who wears cat ears and is equally obsessed with the world of games. 

After being forced to clean the pool as punishment for arriving late, Tsutsui meets Iroha Igarashi, but he attempts to steer clear of her, as her notoriety precedes her. Brazenly blunt, loathed by female classmates, and infamous for messing around with boys, Tsutsui believes that getting involved with her would cause nothing but problems. 

3D Kanojo: Real Girl is a story revolving around these two outcasts—a boy full of emotions he has never experienced before, struggling to lay them bare, and a girl who strives to break him out of his shell.

[Written by MAL Rewrite]"
SLAM DUNK,Slam Dunk,Slam Dunk,https://cdn.myanimelist.net/images/anime/12/86890l.jpg,TV,101,1993,"Hanamichi Sakuragi, infamous for his temper, massive height, and fire-red hair, enrolls in Shohoku High, hoping to finally get a girlfriend and break his record of being rejected 50 consecutive times in middle school. His notoriety precedes him, however, leading to him being avoided by most students. Soon, after certain events, Hanamichi is left with two unwavering thoughts: ""I hate basketball,"" and ""I desperately need a girlfriend.""

One day, a girl named Haruko Akagi approaches him without any knowledge of his troublemaking ways and asks him if he likes basketball. Hanamichi immediately falls head over heels in love with her, blurting out a fervent affirmative. She then leads him to the gymnasium, where she asks him if he can do a slam dunk. In an attempt to impress Haruko, he makes the leap, but overshoots, instead slamming his head straight into the blackboard. When Haruko informs the basketball team's captain of Hanamichi's near-inhuman physical capabilities, he slowly finds himself drawn into the camaraderie and competition of the sport he had previously held resentment for.

[Written by MAL Rewrite]"
繰繰れ！コックリさん,Gugure! Kokkuri-san,繰繰れ！コックリさん,https://cdn.myanimelist.net/images/anime/6/65665l.jpg,TV,12,2014,"Gugure! Kokkuri-san is an eccentric comedy centered around the self-proclaimed doll, Kohina Ichimatsu. Her uneventful life goes from plain to absurd when she summons a fox spirit by the name of Kokkuri-san. But contrary to popular belief, he is not the omniscient, answer-granting spirit from the legend anymore. The loss of believers in modern society has rendered him powerless.

Upon meeting the bizarre girl who summoned him, Kokkuri-san is shocked to discover that Kohina not only lives alone, but survives on just cup ramen! Filled with concern for the young girl, he takes it upon himself to ensure that Kohina has proper meals and lives a decent life. Thus begin Kokkuri-san's less-than-hopeful endeavors and their peculiar life together.

[Written by MAL Rewrite]"
CLANNAD,Clannad,Clannad,https://cdn.myanimelist.net/images/anime/1804/95033l.jpg,TV,23,2007,"Tomoya Okazaki is a delinquent who finds life dull and believes he'll never amount to anything. Along with his friend Youhei Sunohara, he skips school and plans to waste his high school days away.

One day while walking to school, Tomoya passes a young girl muttering quietly to herself. Without warning she exclaims ""Anpan!"" (a popular Japanese food) which catches Tomoya's attention. He soon discovers the girl's name is Nagisa Furukawa and that she exclaims things she likes in order to motivate herself. Nagisa claims they are now friends, but Tomoya walks away passing the encounter off as nothing.

However, Tomoya finds he is noticing Nagisa more and more around school. Eventually he concedes and befriends her. Tomoya learns Nagisa has been held back a year due to a severe illness and that her dream is to revive the school's drama club. Claiming he has nothing better to do, he decides to help her achieve this goal along with the help of four other girls.

As Tomoya spends more time with the girls, he learns more about them and their problems. As he attempts to help each girl overcome her respective obstacle, he begins to realize life isn't as dull as he once thought.

[Written by MAL Rewrite]"
クロムクロ,Kuromukuro,Kuromukuro,https://cdn.myanimelist.net/images/anime/12/82281l.jpg,TV,26,2016,"During the dawn of the 21st century, the United Nations Kurobe Research Institute was established in Japan to investigate an ancient artifact, which was discovered during the construction of the Kurobe Dam. Scientists from around the world have gathered in the facility to study the object, while their children enjoy their everyday lives attending Mt. Tate International Senior High School.

Yukina Shirahane, a reserved high school girl, is the daughter of the facility's head scientist. While visiting her mother at the facility, Yukina manages to solve part of the artifact's puzzle. To her surprise, what appears before her is Kennosuke Tokisada Ouma, a young samurai from the Sengoku era.

As a threat approaches from outer space, Yukina, along with Kennosuke, finds herself defending Earth against the invading forces. Along the way, she discovers the mystery behind Kennosuke and the reason he is determined to protect her.

[Written by MAL Rewrite]"
ケムリクサ,Kemurikusa (TV),Kemurikusa,https://cdn.myanimelist.net/images/anime/1254/100472l.jpg,TV,12,2019,"A few young girls with strange powers and a tree that has grown through a railcar cling onto life in a desolate land, searching for its last reservoirs of water. Their routine struggle to survive is interrupted by the arrival of Wakaba, a boy with no memory beyond his own name. 

The girls and their new companion commit to a perilous journey across seas of burning red fog—all in order to find what they need to sustain themselves on the more distant, dangerous islands swarming with robotic bugs. Their ultimate fate will be decided by their own strength, along with Wakaba's curious ability to understand the Kemurikusa: mysterious glowing leaves with wondrous powers. Besides the girls, Wakaba, and the hordes of ravenous bugs, the Kemurikusa are the last sparks of life surviving in this land. How did things end up this way? Why are there so many empty buildings with no one to live in them? Wakaba and the girls lack the answers to these questions, which means the truth can only be found within the Kemurikusa.

[Written by MAL Rewrite]"
恋と嘘,Koi to Uso,Love & Lies,https://cdn.myanimelist.net/images/anime/5/86663l.jpg,TV,12,2017,"In a futuristic society, Japan has implemented a complex system referred to as ""The Red Threads of Science"" to encourage successful marriages and combat increasingly low birthrates. Based on a compatibility calculation, young people at the age of 16 are assigned marriage partners by the government, with severe repercussions awaiting those who disobey the arrangement. For Yukari Nejima, a teen that considers himself average in every way, this system might be his best shot at living a fulfilling life.

However, spurred by his infatuation for his classmate and long-time crush, Misaki Takasaki, Yukari defies the system and confesses his love. After some initial reluctance, Misaki reciprocates his feelings in a moment of passion. Unfortunately, before the two can further their relationship, Yukari receives his marriage notice. He is then thrown into a confusing web of love and lies when his less-than-thrilled assigned partner, Ririna Sanada, becomes fascinated with his illicit romance.

[Written by MAL Rewrite]"
聲の形,Koe no Katachi,A Silent Voice,https://cdn.myanimelist.net/images/anime/1122/96435l.jpg,Movie,1,2016,"As a wild youth, elementary school student Shouya Ishida sought to beat boredom in the cruelest ways. When the deaf Shouko Nishimiya transfers into his class, Shouya and the rest of his class thoughtlessly bully her for fun. However, when her mother notifies the school, he is singled out and blamed for everything done to her. With Shouko transferring out of the school, Shouya is left at the mercy of his classmates. He is heartlessly ostracized all throughout elementary and middle school, while teachers turn a blind eye.

Now in his third year of high school, Shouya is still plagued by his wrongdoings as a young boy. Sincerely regretting his past actions, he sets out on a journey of redemption: to meet Shouko once more and make amends.

Koe no Katachi tells the heartwarming tale of Shouya's reunion with Shouko and his honest attempts to redeem himself, all while being continually haunted by the shadows of his past.
 
[Written by MAL Rewrite]"
CIRCLET PRINCESS（サークレット・プリンセス）,Circlet Princess,CIRCLET PRINCESS（サークレット・プリンセス）,https://cdn.myanimelist.net/images/anime/1760/97712l.jpg,TV,12,2019,"Virtual Reality and the arrival of Circlet Technology has changed people's lives. A new competitive electronic sport called Circlet Bout emerges, and schools duel to determine the strongest Circlet Bout Club and player. One day, Yuuka Sasaki gets mistaken for a challenger and battles against Chikage Fujimura, the best player in Japan, tying the intense fight despite her inexperience. These events lead to her passion for the sport, deciding to become a Circlet Bout player. 

Two years later, Yuuka moves to Tokyo and enrolls in Union School, a place where she can practice and pursue her dream of fighting Chikage again. After her arrival at the Union School, she discovers the club closed. Now her first goal is to help the athletic Miyuki Kasahara and club manager Ayumu Aizawa reopen Union's Circle Bout Club and return it to its former glory.

[Written by MAL Rewrite]"
残響のテロル,Zankyou no Terror,Terror in Resonance,https://cdn.myanimelist.net/images/anime/1417/117422l.jpg,TV,11,2014,"Painted in red, the word ""VON"" is all that is left behind after a terrorist attack on a nuclear facility in Japan. The government is shattered by their inability to act, and the police are left frantically searching for ways to crack down the perpetrators. The public are clueless—until, six months later, a strange video makes its way onto the internet. In it, two teenage boys who identify themselves only as ""Sphinx"" directly challenge the police, threatening to cause destruction and mayhem across Tokyo. Unable to stop the mass panic quickly spreading through the city and desperate for any leads in their investigation, the police struggle to act effectively against these terrorists, with Detective Kenjirou Shibazaki caught in the middle of it all.

Zankyou no Terror tells the story of Nine and Twelve, the two boys behind the masked figures of Sphinx. They should not exist, yet they stand strong in a world of deception and secrets while they make the city fall around them, all in the hopes of burying their own tragic truth.

[Written by MAL Rewrite]"
三者三葉,Sansha Sanyou,"Three Leaves, Three Colors",https://cdn.myanimelist.net/images/anime/13/79415l.jpg,TV,12,2016,"Having gone from pampered to poor after the bankruptcy of her father's company, Youko Nishikawa struggles to drop her princess-like persona and make friends at her all-girls high school. One day, while eating alone in a nearby forest, she has a chance encounter with Futaba Odagiri, the super-energetic transfer student, and Teru Hayama, an innocent-looking girl with a surprisingly direct and sometimes mean personality. Despite their differing personalities, the three girls who all have the kanji for ""leaf"" in their name begin an unlikely friendship as they try to navigate through an amusing and spontaneous adventure known as high school life.

Sansha Sanyou is a cheerful, cute series revolving around three close but very different friends as they try to balance the everyday challenges that school and adolescence have to offer.

[Written by MAL Rewrite]"
食戟のソーマ 豪ノ皿,Shokugeki no Souma: Gou no Sara,Food Wars! Fifth Plate,https://cdn.myanimelist.net/images/anime/1756/108000l.jpg,TV,13,2020,"Thanks to Souma Yukihira, Erina Nakiri, and the rebel forces overthrowing the regime of Azami Nakiri—the previous school director—and the former Elite Ten, Tootsuki Culinary Academy is back in order. However, its students have one more great battle ahead of them: the BLUE, a competition where young chefs seeking world-class fame compete. Faced with new trials and rivals, Souma and his friends will fight to conquer the BLUE and to defeat Asahi Saiba, the leader of an underworld organization of chefs known as Noir, who once defeated Souma and his father in a Shokugeki.

[Written by MAL Rewrite]"
女子かう生,Joshikausei,Joshi Kausei,https://cdn.myanimelist.net/images/anime/1748/111393l.jpg,TV,12,2019,"Momoko Futo is an average high-school girl going about her everyday life. Though laid-back and cheerful, her life is anything but mundane as her eccentricity and clumsiness never fail to spice up her days. Her two best friends are always with her: the cute and innocent Mayumi Furui, and the calm and cool Shibumi Shibusawa. Without any spoken dialogue or narration, Joshikausei aims to recount the comedic shenanigans these girls get up to through the expressive sounds and gestures that they make.

[Written by MAL Rewrite]"
ソードアート・オンライン アリシゼーション,Sword Art Online: Alicization,Sword Art Online Alicization,https://cdn.myanimelist.net/images/anime/1993/93837l.jpg,TV,24,2018,"The Soul Translator is a state-of-the-art full-dive interface which interacts with the user's Fluctlight—the technological equivalent of a human soul—and fundamentally differs from the orthodox method of sending signals to the brain. The private institute Rath aims to perfect their creation by enlisting the aid of Sword Art Online survivor Kazuto Kirigaya. He works there as a part-time employee to test the system's capabilities in the Underworld: the fantastical realm generated by the Soul Translator. As per the confidentiality contract, any memories created by the machine in the virtual world are wiped upon returning to the real world. Kazuto can only vaguely recall a single name, Alice, which provokes a sense of unease when mentioned in reality.

When Kazuto escorts Asuna Yuuki home one evening, they chance upon a familiar foe. Kazuto is mortally wounded in the ensuing fight and loses consciousness. When he comes to, he discovers that he has made a full-dive into the Underworld with seemingly no way to escape. He sets off on a quest, seeking a way back to the physical world once again.

[Written by MAL Rewrite]"
先輩がうざい後輩の話,Senpai ga Uzai Kouhai no Hanashi,My Senpai is Annoying,https://cdn.myanimelist.net/images/anime/1055/118890l.jpg,TV,12,2021,"At a certain trading company, saleswoman Futaba Igarashi has managed to hold her respectable job for almost two years thanks to the guidance of her senior coworker—Harumi Takeda. However, due to Igarashi's short stature, Takeda often teases her and treats her like a kid, leaving Igarashi constantly annoyed by his antics.

Despite this, Igarashi notices Takeda's reliability as he is always ready to help whenever something at their workplace goes awry. As Igarashi and Takeda spend more time together, their relationship soon develops further than simply being coworkers at the office.

[Written by MAL Rewrite]"
世話やきキツネの仙狐さん,Sewayaki Kitsune no Senko-san,The Helpful Fox Senko-san,https://cdn.myanimelist.net/images/anime/1814/99677l.jpg,TV,12,2019,"Like many hardworking members of the workforce, Kuroto Nakano is perpetually stressed out by his job. Still, since he lives alone, he must carry on to sustain himself. Little do humans like Kuroto know, this stress takes the form of darkness residing within a person's body and will bring one's life to ruin. 

Fox deities can see this darkness and have the duty to save people before it is too late. To help rid Kuroto of his stress,  Senko-san, an eight hundred-year-old foxgirl, volunteers to take care of him, and will do everything she can to ease the tension in his weary soul.

[Written by MAL Rewrite]"
Z/X Code reunion,Z/X: Code Reunion,Z/X Code Reunion,https://cdn.myanimelist.net/images/anime/1077/111410l.jpg,TV,12,2019,"The signing of a peace treaty has secured a tenuous ceasefire between mankind and the Zex, beings who emerged from space/time rifts connected to mysterious, distant worlds. Partnered with a Zex named Rigel, Azumi Kakamigahara must shoulder the fate of her own idyllic world. The unlikely pair head to newly established Fujimisaki Academy, where their destinies await.

(Source: ANN)"
ソードアート・オンライン プログレッシブ,Sword Art Online: Progressive Movie - Hoshi Naki Yoru no Aria,Sword Art Online the Movie: Progressive - Aria of a Starless Night,https://cdn.myanimelist.net/images/anime/1590/116274l.jpg,Movie,1,2021,"Excelling socially and academically, Asuna Yuuki is on track to ace her high school entrance exams. Her friend and classmate, Misumi ""Mito"" Tozawa, advises her to take a short break from studying and join her on the launch day of Sword Art Online (SAO)—the highly anticipated online virtual reality multiplayer game. Asuna accepts her offer and soon meets her in the game.

In a cruel twist of fate, Asuna, Mito, and every other player logged into SAO find themselves trapped in the game permanently. The only way out is to clear all one hundred floors of the game, and to make matters worse, dying inside the game will kill the player in real life. With SAO now turned into a nightmare death trap, Asuna and other gamers—such as the lone swordsman Kazuto ""Kirito"" Kirigaya—must adapt and survive, all whilst attempting to beat the unforgiving competition to the top.

[Written by MAL Rewrite]"
ゾン100〜ゾンビになるまでにしたい100のこと〜,Zom 100: Zombie ni Naru made ni Shitai 100 no Koto,Zom 100: Bucket List of the Dead,https://cdn.myanimelist.net/images/anime/1384/136408l.jpg,TV,12,2023,"After graduating from a top university with an impressive extracurricular record in the rugby club, Akira Tendou has nailed every step of the way to securing his dream job. On top of that, a beautiful and kind co-worker always brightens his day in the office! Life seems to be going very well for Akira until he slowly realizes that sleepless nights and brutal work are his new reality.

Due to three years of mind-numbing labor in an exploitative company, Akira is unable to recognize the tired, unaccomplished person he has become. On track to losing all passion in life like several of his overworked colleagues, Akira finds his saving grace in the most unexpected way possible—the breakout of a zombie apocalypse.

With the free time he finally has, Akira decides to complete a bucket list of a hundred things he wants to do before he eventually gets turned into a zombie. Although he is surrounded by the dead, Akira has never felt more alive!

[Written by MAL Rewrite]"
D.C.4 〜ダ・カーポ4〜,Maria-sama ga Miteru 4th,Maria Watches Over Us Season 4,https://cdn.myanimelist.net/images/anime/4/75206l.jpg,TV,13,2009,"Yumi and the Yamayuri Council have found two new helpers in Kanako and Toko. Unfortunately, their assistance comes with tension, as neither girl is particularly fond of the other and both seem likely candidates to be Yumi's petite soeur. Will either be a good fit for Yumi? As the school year marches on, the work for the Yamayuri Council piles up, and pressure begins to mount for Yumi to make her final decision.

(Source: RightStuf)"
盾の勇者の成り上がり,Tate no Yuusha no Nariagari,The Rising of the Shield Hero,https://cdn.myanimelist.net/images/anime/1490/101365l.jpg,TV,25,2019,"The Four Cardinal Heroes are a group of ordinary men from modern-day Japan summoned to the kingdom of Melromarc to become its saviors. Melromarc is a country plagued by the Waves of Catastrophe that have repeatedly ravaged the land and brought disaster to its citizens for centuries. The four heroes are respectively bestowed a sword, spear, bow, and shield to vanquish these Waves. Naofumi Iwatani, an otaku, becomes cursed with the fate of being the ""Shield Hero."" Armed with only a measly shield, Naofumi is belittled and ridiculed by his fellow heroes and the kingdom's people due to his weak offensive capabilities and lackluster personality.

When the heroes are provided with resources and comrades to train with, Naofumi sets out with the only person willing to train alongside him, Malty Melromarc. He is soon betrayed by her, however, and becomes falsely accused of taking advantage of her. Naofumi then becomes heavily discriminated against and hated by the people of Melromarc for something he didn't do. With a raging storm of hurt and mistrust in his heart, Naofumi begins his journey of strengthening himself and his reputation. Further along however, the difficulty of being on his own sets in, so Naofumi buys a demi-human slave on the verge of death named Raphtalia to accompany him on his travels.

As the Waves approach the kingdom, Naofumi and Raphtalia must fight for the survival of the kingdom and protect the people of Melromarc from their ill-fated future.

[Written by MAL Rewrite]"
たまゆら,Tamayura,たまゆら,https://cdn.myanimelist.net/images/anime/1612/132744l.jpg,OVA,4,2010,"As a child, Fuu ""Potte"" Sawatari and her late father would often visit his hometown of Takehara and take pictures of the surroundings together. Now, five years since their last visit, Fuu and her family have moved to the town so that she can start attending high school. Although her father has been deceased for some time, Fuu carries on his legacy through her love of photography and the pictures she takes with his old camera.

Believing that photographs have the power to turn the ordinary into something wonderful, Fuu and her friends grab every opportunity they can to capture the magic of everyday life on film and bring happiness to someone in the world who might need it.

[Written by MAL Rewrite]"
探偵オペラ ミルキィホームズ,Tantei Opera Milky Holmes,Detective Opera Milky Holmes,https://cdn.myanimelist.net/images/anime/10/26676l.jpg,TV,12,2010,"""Toys"" are powers bestowed upon those chosen to wield them, each having qualities that are unique to their users. Some of these individuals are born pure, using their powers to become detectives. Others bloom laced with poison and choose to become phantom thieves. These two opposing factions caused the formation of various detective academies around the globe—training detectives to fight and catch the phantom thieves.

Sherlock Shellingford, Nero Yuzurizaki, Hercule Burton, and Cordelia Glauca form ""Milky Holmes"", a group recognized as the cream of the crop in the Yokohama-based Holmes Detective Academy. However, in a skirmish against the phantom thief Arsene, their Toys suddenly disappear, deeming them unfit to continue as detectives. Stripped of their prestigious life and thrown into a rundown attic, they face expulsion if they fail to regain their powers within the next three months.

Tantei Opera Milky Holmes tells the story of a once-legendary group in their journey to recover their Toys, as well as attempting to continue their line of work without the powers that once defined their career.

[Written by MAL Rewrite]"
ダンベル何キロ持てる？,Dumbbell Nan Kilo Moteru?,How Heavy Are The Dumbbelss You Lift?,https://cdn.myanimelist.net/images/anime/1385/101060l.jpg,TV,12,2019,"During a regular after-school grub crawl, gluttonous high schooler Hibiki Sakura is confronted about her ever-expanding waistline by her best friend, Ayaka Uehara. With her attempts at solitary exercise failing miserably, Hibiki decides to join the newly opened Silverman Gym. At her orientation, Hibiki runs into student council president and school idol Akemi Souryuuin.

However, it soon turns out that Hibiki is in for a lot more than she bargained for. Not only is Silverman Gym full of world-renowned bodybuilders and athletes, but to make matters worse, Akemi turns out to be a total muscle fetishist! Grossed out by the scene unfolding before her eyes, Hibiki begins to leave, only to be stopped by trainer Naruzou Machio. Completely enthralled with her newfound Prince Charming, Hibiki signs up as a gym member. Now, as a result of her spur-of-the-moment decision, Hibiki must adapt to her new lifestyle.

[Written by MAL Rewrite]"
デート・ア・ライブ DATE A LIVEⅢ,Date A Live: Date to Date,デート・ア・ライブ DATE TO DATE,https://cdn.myanimelist.net/images/anime/1629/112503l.jpg,OVA,1,2013,"When Origami Tobiichi asks Shidou Itsuka out on a date, Shidou considers this his best opportunity to set the record straight and end their relationship. However, even with the help of the Ratatoskr crew, his attempts to break up with her fail; in fact, Origami gladly tolerates Shidou's humiliating requests and blunt comments! Shidou's unconventional mission incidentally complicates his relationship with Tooka Yatogami, and it seems that easing the tension is only possible by going on another date.

[Written by MAL Rewrite]"
とらドラ,Toradora!,Toradora!,https://cdn.myanimelist.net/images/anime/13/22128l.jpg,TV,25,2008,"Ryuuji Takasu is a gentle high school student with a love for housework; but in contrast to his kind nature, he has an intimidating face that often gets him labeled as a delinquent. On the other hand is Taiga Aisaka, a small, doll-like student, who is anything but a cute and fragile girl. Equipped with a wooden katana and feisty personality, Taiga is known throughout the school as the ""Palmtop Tiger.""

One day, an embarrassing mistake causes the two students to cross paths. Ryuuji discovers that Taiga actually has a sweet side: she has a crush on the popular vice president, Yuusaku Kitamura, who happens to be his best friend. But things only get crazier when Ryuuji reveals that he has a crush on Minori Kushieda—Taiga's best friend!

Toradora! is a romantic comedy that follows this odd duo as they embark on a quest to help each other with their respective crushes, forming an unlikely alliance in the process.

[Written by MAL Rewrite]"
猫物語(黒),Nekomonogatari: Kuro,Nekomonogatari Black,https://cdn.myanimelist.net/images/anime/1170/121597l.jpg,TV Special,4,2012,"After surviving a vampire attack, Koyomi Araragi notices that his friend and savior, Tsubasa Hanekawa, has been acting strange. When he happens to cross paths with her on his way to a bookstore and sees she has a bandage on her face, he knows something must definitely be wrong. Araragi wants to help her, but Hanekawa assures him that her wound is just something she received at home and that he should not concern himself with it. But when a white cat with no tail is hit and killed by a car, the pair bury the creature and the real trouble begins.

When Araragi later pays a visit to his friend Meme Oshino and recounts the day's events, he is informed what they have buried is actually an apparition, one perfect for Hanekawa in her current state. Tasked with finding his friend to confirm her safety, he discovers that she has attacked her parents, possessed by the ""Sawari Neko."" Now, it is up to Araragi to help Hanekawa as she once helped him.

[Written by MAL Rewrite]"
はるかなレシーブ,Harukana Receive,Harukana Receive,https://cdn.myanimelist.net/images/anime/1924/95212l.jpg,TV,12,2018,"In beach volleyball, there is no room for aces. To achieve victory, each player must find their one, irreplaceable partner that they can rely on in the court of sand. At least, that is what Haruka Oozora learns on her first day in Okinawa after moving in with her grandmother and her cousin Kanata Higa. While touring a nearby beach, Haruka stumbles upon some girls practicing beach volleyball and is quickly invited to join. This friendly practice game suddenly turns into a match when one of the girls, Narumi Tooi, notices Kanata approaching the court.
                
Although the two suffer a devastating defeat, Haruka finally realizes the reason for her cousin’s quiet and distant behavior. Kanata and Narumi used to be an exceptionally talented beach volleyball duo, until Kanata quit due to her short height causing problems for Narumi. Now, with the Junior Tournament just weeks away, Haruka must learn the intricacies of competitive beach volleyball and help Kanata overcome her crippling anxiety towards the sport that she once used to love.

[Written by MAL Rewrite]"
干物妹！うまるちゃん,Himouto! Umaru-chan,Himouto! Umaru-chan,https://cdn.myanimelist.net/images/anime/12/75086l.jpg,TV,12,2015,"People are not always who they appear to be, as is the case with Umaru Doma, the perfect high school girl—that is, until she gets home! Once the front door closes, the real fun begins. When she dons her hamster hoodie, she transforms from a refined, over-achieving student into a lazy, junk food-eating otaku, leaving all the housework to her responsible older brother Taihei. Whether she's hanging out with her friends Nana Ebina and Kirie Motoba, or competing with her self-proclaimed ""rival"" Sylphinford Tachibana, Umaru knows how to kick back and have some fun!

Himouto! Umaru-chan is a cute story that follows the daily adventures of Umaru and Taihei, as they take care of—and put up with—each other the best they can, as well as the unbreakable bonds between friends and siblings.

[Written by MAL Rewrite]"
秒速5センチメートル,Byousoku 5 Centimeter,5 Centimeters Per Second,https://cdn.myanimelist.net/images/anime/1410/112994l.jpg,Movie,3,2007,"What happens when two people love each other but just aren't meant to be together? Takaki Toono and Akari Shinohara are childhood friends, but circumstances beyond their control tear them apart. They promise to stay in contact, and although the progression of time widens the distance between them, the chain of memories remains ever-present.

Byousoku 5 Centimeter is a romantic drama that focuses on the mundane and harsh reality of long-distance relationships. Stuck in the past and unable to make any new memories, Takaki and Akari cling to the hope of seeing each other again. They live their everyday lives half-heartedly, both hurting themselves and the people around them.

[Written by MAL Rewrite]"
ブギーポップは笑わない,Boogiepop wa Warawanai (2019),BoogiePop And Others,https://cdn.myanimelist.net/images/anime/1135/95454l.jpg,TV,18,2019,"Hushed exchanges among the female student populace of Shinyo Academy center around an enigmatic supernatural entity. This entity is Boogiepop, a Shinigami who is rumored to murder people at the height of their beauty before their allure wanes. Few know of his true nature: a guardian who, between periods of dormancy, manifests as the alter ego of a high school girl named Touka Miyashita to fend off ""the enemies of the world."" Now, a string of mysterious disappearances—presumed by the school to be merely runaways—has caused Boogiepop to awaken. But somewhere in the academy, a menacing creature hides, waiting for its opportune moment to strike.

Boogiepop wa Warawanai subtly explores the intrinsic associations between human beings and their perception of time, while delving into its characters' complex relationships, emotions, memories, and pasts.

[Written by MAL Rewrite]"
覆面系ノイズ,Fukumenkei Noise,Anonymous Noise,https://cdn.myanimelist.net/images/anime/11/85350l.jpg,TV,12,2017,"Every day, a young girl wearing a mask stands by the beach and sings a nostalgic melody. After experiencing two sudden heart-wrenching partings when she was only a child, Nino Arisugawa has been singing her songs to the ocean, bound by a promise made with her two childhood friends—her first love, Momo Sakaki, and a boy who composed music, Kanade ""Yuzu"" Yuzuriha. Having never met each other, the boys both individually promised that if Nino was ever separated from them, her voice would be the beacon to reunite them once again.

After six long years, destiny has finally placed Nino, Momo, and Yuzu in the same high school. However, the passage of time has changed many things in their lives—while Nino relentlessly attempts to fulfill her childhood promise with the boys, Yuzu's feelings for her from the past resurface, and Momo goes to great lengths to prevent a reunion with Nino. Through music, will they be able to mend their friendship and overcome all the feelings involved in this complicated love triangle?

[Written by MAL Rewrite]"
ふたりはミルキィホームズ,Futari wa Milky Holmes,ふたりはミルキィホームズ,https://cdn.myanimelist.net/images/anime/11/51931l.jpg,TV,12,2013,"Fans of the Milky Holmes detectives, Kazumi and Alice, decide to form their own detective unit, calling themselves ""Feathers.""

(Source: ANN)"
フルーツバスケット,Fruits Basket 1st Season,Fruits Basket,https://cdn.myanimelist.net/images/anime/1447/99827l.jpg,TV,25,2019,"Tooru Honda has always been fascinated by the story of the Chinese zodiac that her beloved mother told her as a child. However, a sudden family tragedy changes her life, and subsequent circumstances leave her all alone. Tooru is now forced to live in a tent, but little does she know that her temporary home resides on the private property of the esteemed Souma family. Stumbling upon their home one day, she encounters Shigure, an older Souma cousin, and Yuki, the ""prince"" of her school. Tooru explains that she lives nearby, but the Soumas eventually discover her well-kept secret of being homeless when they see her walking back to her tent one night.

Things start to look up for Tooru as they kindly offer to take her in after hearing about her situation. But soon after, she is caught up in a fight between Yuki and his hot-tempered cousin, Kyou. While trying to stop them, she learns that the Souma family has a well-kept secret of their own: whenever they are hugged by a member of the opposite sex, they transform into the animals of the Chinese zodiac.

With this new revelation, Tooru will find that living with the Soumas is an unexpected adventure filled with laughter and romance.

[Written by MAL Rewrite]"
へんたつ,Hentatsu (TV),へんたつ,https://cdn.myanimelist.net/images/anime/1399/112948l.jpg,TV,12,2020,"Hentatsu follows two girls exploring a seemingly abandoned version of Nakano Broadway, a Tokyo shopping mall known for Mandarake and other shops catering to fans of anime and other forms of pop culture.

(Source: AnimeNewsNetwork)"
放課後さいころ倶楽部,Houkago Saikoro Club,After School Dice Club,https://cdn.myanimelist.net/images/anime/1035/111624l.jpg,TV,12,2019,"Miki Takekasa is an introverted high schooler who does not socialize with her classmates. However, she wants to know what ""fun"" really is, waiting for someone who could help her understand its true meaning. One day after school, she crosses paths with her classmate Aya Takayashiki, who takes her on a little adventure. Miki discovers wonders she had never seen before, opening a way to change her withdrawn life.

On their way home, Miki and Aya see their class representative Midori Oono entering Saikoro Club, a store specializing in board games. After trying out a German board game, Miki soon understands the kind of fun she had been looking for: playing various games after school along with the friends and acquaintances she makes from her newfound pleasure.

[Written by MAL Rewrite]"
僕は友達が少ない,Boku wa Tomodachi ga Sukunai,Haganai: I don't have many friends,https://cdn.myanimelist.net/images/anime/8/32873l.jpg,TV,12,2011,"When Kodaka Hasegawa finds out that he will be transferring to a new school, he is determined to make a positive impression, and maybe even some friends. However, Kodaka discovers he is out of luck when he immediately gets labeled as a violent delinquent due to his blond hair and intimidating expression. Although a month has passed, Kodaka is still alone thanks to his notorious reputation. However, his life begins to change when he finds fellow loner Yozora Mikazuki talking to her imaginary friend in an empty classroom.

After sharing stories of their lonely high school life, Kodaka and Yozora decide to overcome the difficulties of making friends together by starting the Neighbor's Club. Created for people who don't have friends, daily activities involve learning social skills and how to fit in, which will hopefully allow them to make friends. Joined by the eroge-loving Sena Kashiwazaki, and other eccentric outcasts, Kodaka may finally have managed to find people he can call friends, in this club filled with hilarious oddballs.

[Written by MAL Rewrite]"
僕らはみんな河合荘,Bokura wa Minna Kawai-sou,The Kawai Complex Guide to Manors and Hostel Behavior,https://cdn.myanimelist.net/images/anime/1257/145479l.jpg,TV,12,2014,"Kazunari Usa is a high school freshman who will start living alone due to his parents now working in a different area. Excited for his new independent life, he hopes to go about his teenage days without the worry of dealing with any strange people, but as he soon discovers, his new boarding house Kawai Complex is far from ordinary.

The various tenants at Kawai Complex are all quite eccentric characters. Shirosaki, Kazunari's roommate, is a pervert and masochist; Mayumi Nishikino, a borderline alcoholic office lady, hates couples because of her unfortunate luck with men; and Sayaka Watanabe, a seemingly innocent college student, enjoys leading men on. Shocked with the lack of decent individuals at his new residence, Kazunari is about to leave when he runs into shy senior student Ritsu Kawai and finds himself slowly falling in love with her.

[Written by MAL Rewrite]"
魔女見習いをさがして,Majo Minarai wo Sagashite,Looking for Magical Doremi,https://cdn.myanimelist.net/images/anime/1937/110713l.jpg,Movie,1,2020,"27-year-old Tokyo office worker Mire Yoshizuki just returned to Japan, while 22-year-old fourth-year college student Sora Nagase aspires to be a teacher, and 20-year-old boyish Reika Kawatani is a part-time Hiroshima okonomiyaki shop worker and freelancer. What draws together these three women from completely different walks of life is a magic gem. A ""New Magical Story"" begins when they are mysteriously brought together by chance and embark on a journey.

(Source: ANN)"
魔法科高校の劣等生 来訪者編,Mahouka Koukou no Rettousei: Raihousha-hen,The Irregular at Magic High School: Visitor Arc,https://cdn.myanimelist.net/images/anime/1322/114329l.jpg,TV,13,2020,"Following the events of ""Scorched Halloween,"" the world is introduced to a terrifyingly powerful Strategic class magician. In an effort to uncover the identity of this person, the United States of the North American Continent (USNA) dispatches the most powerful asset in its arsenal to Japan on a covert mission—the elite magician unit ""Stars"" and its commander, Angie Sirius.

At First High School, Tatsuya Shiba and his friends are having a farewell party for Shizuku Kitayama, who is leaving to study abroad in the USNA as part of an exchange program. In her place, the group welcomes the beautiful Angelina ""Lina"" Kudou Shields. Around the same time, Tatsuya is informed about the USNA's plan to uncover his true identity.

Elsewhere in Tokyo, numerous reports arise of seemingly random bodies found drained of blood. Dubbed as the works of a vampire, it does not take long for Tatsuya to connect the dots and realize that it is almost impossible for the timing of these events to be mere coincidence.

[Written by MAL Rewrite]"
みだらな青ちゃんは勉強ができない,Midara na Ao-chan wa Benkyou ga Dekinai,Ao-chan Can't Study!,https://cdn.myanimelist.net/images/anime/1718/98214l.jpg,TV,12,2019,"""Show them your A-O face!"" As an innocent child, Ao Horie would unhesitantly proclaim the origins of her name. Now that she is in high school, she is determined to study hard in order to one day escape the influence of her lascivious father, a famous erotic author. However, when the amiable Takumi Kijima confesses to Horie, her mind runs wild with scandalous thoughts.

Moans eager to escape, legs crossing, and a warmth spreading through her body, Horie cannot help but misconstrue Kijima's rather pure motivations. To make things worse, no matter how hard she tries to ward off Kijima, his advances do not stop. Now, if only she could just study!

[Written by MAL Rewrite]"
みにとじ,Mini Toji,Katana Maidens ~ Mini Toji,https://cdn.myanimelist.net/images/anime/1781/98227l.jpg,TV,10,2019,"Do the girls' daily lives include fighting and not fighting? All characters from the TV animated series Toji no Miko and smartphone game Toji no Miko: Kizamishi Issen no Tomoshibi are gathered together in smaller form!

(Source: Crunchyroll, edited)"
無彩限のファントム・ワールド,Musaigen no Phantom World,Myriad Colors Phantom World,https://cdn.myanimelist.net/images/anime/4/78339l.jpg,TV,13,2016,"Phantoms: supernatural entities such as ghosts or youkai that, until recently, were thought to be superstition. However, when a virus that infects the brain spreads throughout society, people's perception of the world changes as the mythical beings are revealed to have been living alongside humanity the entire time. This virus has also affected those of the next generation significantly, allowing them to develop special abilities that they can use to fight against dangerous phantoms.

Haruhiko Ichijou and Mai Kawakami are two of those that were granted such power—Haruhiko wields the ability to summon and seal phantoms through drawings, while Mai imbues the power of the elements into martial arts. Together, along with the friendly phantom Ruru, they form Team E of Hosea Academy, which is dedicated to dealing with these often mischievous beings. In a world where the real and surreal intertwine, they handle the everyday troubles caused by phantoms.

[Written by MAL Rewrite]"
ヨルムンガンド PERFECT ORDER,Jormungand: Perfect Order,Jormungand Season 2: Perfect Order,https://cdn.myanimelist.net/images/anime/4/73278l.jpg,TV,12,2012,"Still in pursuit of her ambitious goal, ingenious arms dealer Koko Hekmatyar, inexpressive child soldier Jonathan “Jonah” Mar, and the rest of their squad continue their mercenary activities. From professional assassins to private militaries, the group's work constantly puts them in the face of danger. 

But internal conflicts soon arise after Renato ""R"" Socci, one of Koko's bodyguards, is revealed to be an undercover agent for ""Operation Undershaft""—a plan devised by the CIA to infiltrate HCLI and exploit Koko as a tool. Shocked by his betrayal, Koko's leadership is needed now more than ever to rally her squad and rebuild their foundation of trust before they are torn apart.

Jormungand: Perfect Order follows Koko and the rest of her crew as they take on persistent adversaries, overcome internal struggles, and make Koko's vision of world peace a reality—where everything is in perfect order.

[Written by MAL Rewrite]"
ラーメン大好き小泉さん,Ramen Daisuki Koizumi-san,Ms. Koizumi Loves Ramen Noodles,https://cdn.myanimelist.net/images/anime/5/89876l.jpg,TV,12,2018,"From standing in the sun for hours to traveling miles away from home, gorgeous high school student Koizumi stops at nothing to fulfill her desire for ramen. But these previously solo trips soon change when Koizumi's classmate Yuu Oosawa develops an infatuation with her, and begins to join Koizumi uninvitedly on her adventures. As Yuu continues to be shocked by Koizumi's enormous appetite, she learns about the endless variety of ramen from, arguably, its greatest connoisseur ever!

[Written by MAL Rewrite]"
らき☆すた,Lucky☆Star,Lucky☆Star,https://cdn.myanimelist.net/images/anime/1561/115660l.jpg,TV,24,2007,"Lucky☆Star follows the daily lives of four cute high school girls—Konata Izumi, the lazy otaku; the Hiiragi twins, Tsukasa and Kagami (sugar and spice, respectively); and the smart and well-mannered Miyuki Takara.

As they go about their lives at school and beyond, they develop their eccentric and lively friendship and making humorous observations about the world around them. Be it Japanese tradition, the intricacies of otaku culture, academics, or the correct way of preparing and eating various foods—no subject is safe from their musings.

[Written by MAL Rewrite]"
ランウェイで笑って,Runway de Waratte,Smile Down the Runway,https://cdn.myanimelist.net/images/anime/1544/104540l.jpg,TV,12,2020,"Being the daughter of a modeling agency owner, Chiyuki Fujito aspires to represent her father's agency in the prestigious Paris Fashion Week, shining under the spotlight as a runway model. However, although she is equipped with great looks and talent, she unfortunately lacks a key element in becoming a successful model—height. Stuck at 158 cm even after entering high school, her childhood dream seems out of reach.

Meanwhile, Ikuto Tsumura is a high school student with a knack in designing clothes; however, without the resources to pursue the necessary education, his ambition of becoming a fashion designer remains a mere dream. But as fate brings Chiyuki and Ikuto together, the dim hopes within their hearts are ignited once again. Together, the two promise to rebel against convention and carve out their own paths in the fashion world.

[Written by MAL Rewrite]"
リズと青い鳥,Liz to Aoi Tori,Liz et L'Oiseau Bleu,https://cdn.myanimelist.net/images/anime/1638/93032l.jpg,Movie,1,2018,"Liz's days of solitude come to an end when she meets a blue bird in the form of a young girl. Although their relationship blossoms, Liz must make a heart-wrenching decision in order to truly realize her love for Blue Bird.

High school seniors and close friends Mizore Yoroizuka and Nozomi Kasaki are tasked to play the lead instruments in the third movement of Liz and the Blue Bird, a concert band piece inspired by this fairy tale. The introverted and reserved Mizore plays the oboe, representing the kind and gentle Liz. Meanwhile, the radiant and popular Nozomi plays the flute, portraying the cheerful and energetic Blue Bird.

However, as they rehearse, the distance between Mizore and Nozomi seems to grow. Their disjointed duet disappoints the band, and with graduation on the horizon, uncertainty about the future spurs complicated emotions. With little time to improve as their performance draws near, they desperately attempt to connect with their respective characters. But when Mizore and Nozomi consider the story from a brand-new perspective, will the girls find the strength to face harsh realities?

A spin-off film adaptation of the Hibike Euphonium! series, Liz to Aoi Tori dances between the parallels of a charming fairy tale, a moving musical piece, and a delicate high school friendship.

[Written by MAL Rewrite]"
りゅうおうのおしごと,Ryuuou no Oshigoto!,The Ryuo's Work is Never Done!,https://cdn.myanimelist.net/images/anime/12/89979l.jpg,TV,12,2018,"Shogi, a Japanese game similar to chess, is one of the most popular board games in the country, played by everyone from children to the elderly. Some players are talented enough to take the game to a professional level. The title of Ryuuou, meaning ""the dragon king,"" is only awarded to the person who reaches the pinnacle of competitive shogi.

Yaichi Kuzuryuu has just become the youngest Ryuuou after winning the grand championship. However, the shogi community is unwelcoming to his victory, some even calling him the worst Ryuuou in history. Moreover, he forgets about the agreement he made with Ai Hinatsuru, a little girl he promised to coach if he won. After she shows up at his doorstep, he reluctantly agrees to uphold his promise and makes Ai his disciple.

Together, they aim to improve and exceed the limits of their shogi prowess: Ai, to unlock her hidden talents; Yaichi, to prove to the world that he deserves his accomplishments.

[Written by MAL Rewrite]"
ろんぐらいだぁす！,Long Riders!,Long Riders!,https://cdn.myanimelist.net/images/anime/3/82255l.jpg,TV,12,2016,"Falling in love at first sight with a collapsible bicycle outside the station, Ami Kurata, first-year university student empties her account without a second thought and buys the bicycle. Now she enjoys weekend cycling trips with Aoi, her childhood friend, and Hinako, a senior at her university. ""Owning a road bike may change your view of the world completely."" Prompted by the comment, Ami purchased a road bike, and she is really impressed with the traveling performance. As soon as she places her feet on the pedals and presses down, everything about riding a road bicycle—the lightness of the pedal, the speed, the acceleration—is nothing like she has ever experienced. Ami's cycle life gets going with the new road cycle as her partner!

(Source: Showgate, edited)"
